researcher_id,study_id,status,entered_completion_code,completion_code_type,started_at,returned_at,completed_at,reviewed_at,time_to_complete
61e004273c53ad3813e84abd,649974f7b5a5bddce6599ed4,RETURNED,,,2023-06-26 12:18:36.945,2023-06-26 12:23:09.068,,,272.123
61e004273c53ad3813e84abd,649974f7b5a5bddce6599ed4,RETURNED,,,2023-06-26 12:36:40.367,2023-06-26 12:38:39.952,,,119.585
61e004273c53ad3813e84abd,649974f7b5a5bddce6599ed4,RETURNED,,,2023-06-26 12:37:44.154,2023-06-26 12:38:06.850,,,22.696
61e004273c53ad3813e84abd,649974f7b5a5bddce6599ed4,RETURNED,,,2023-06-26 12:51:04.301,2023-06-26 12:52:20.550,,,76.249
61e004273c53ad3813e84abd,649974f7b5a5bddce6599ed4,RETURNED,,,2023-06-26 12:50:53.258,2023-06-26 12:51:43.005,,,49.747
61e004273c53ad3813e84abd,649974f7b5a5bddce6599ed4,RETURNED,,,2023-06-26 12:40:52.087,2023-06-26 12:41:49.779,,,57.692
61e004273c53ad3813e84abd,649974f7b5a5bddce6599ed4,RETURNED,,,2023-06-26 12:47:04.278,2023-06-26 12:47:54.072,,,49.794
61e004273c53ad3813e84abd,649974f7b5a5bddce6599ed4,RETURNED,,,2023-06-26 12:55:12.724,2023-06-26 12:56:18.005,,,65.281
61e004273c53ad3813e84abd,6499c9e07cf73f0501ce358f,RETURNED,,,2023-06-26 20:11:53.511,2023-06-26 20:41:18.497,,,1764.986
61e004273c53ad3813e84abd,6499c9e07cf73f0501ce358f,RETURNED,,,2023-06-26 18:57:52.679,2023-06-26 18:58:34.210,,,41.531
61e004273c53ad3813e84abd,6499c9e07cf73f0501ce358f,RETURNED,,,2023-06-26 20:11:52.546,2023-06-26 20:41:17.726,,,1765.18
61e004273c53ad3813e84abd,6499c9e07cf73f0501ce358f,RETURNED,,,2023-06-26 19:16:05.876,2023-06-26 19:21:18.780,,,312.904
61e004273c53ad3813e84abd,6499c9e07cf73f0501ce358f,RETURNED,,,2023-06-26 19:27:24.686,2023-06-26 19:32:24.358,,,299.672
61e004273c53ad3813e84abd,6499c9e07cf73f0501ce358f,RETURNED,,,2023-06-26 19:36:36.637,2023-06-26 19:37:24.269,,,47.632
61e004273c53ad3813e84abd,6499c9e07cf73f0501ce358f,RETURNED,,,2023-06-26 20:08:51.377,2023-06-26 20:09:17.286,,,25.909
61e004273c53ad3813e84abd,6499c9e07cf73f0501ce358f,RETURNED,,,2023-06-26 20:08:54.628,2023-06-26 20:10:14.996,,,80.368
61e004273c53ad3813e84abd,6499c9e07cf73f0501ce358f,RETURNED,,,2023-06-26 19:43:25.232,2023-06-26 19:45:14.358,,,109.126
61e004273c53ad3813e84abd,6499c9e07cf73f0501ce358f,RETURNED,,,2023-06-26 20:08:55.395,2023-06-26 20:17:29.857,,,514.462
61e004273c53ad3813e84abd,6499c9e07cf73f0501ce358f,RETURNED,,,2023-06-26 20:10:23.056,2023-06-26 20:14:35.445,,,252.389
61e004273c53ad3813e84abd,6499c9e07cf73f0501ce358f,RETURNED,,,2023-06-26 20:09:39.395,2023-06-26 20:11:03.424,,,84.029
61e004273c53ad3813e84abd,6499c9e07cf73f0501ce358f,RETURNED,,,2023-06-26 20:10:21.498,2023-06-26 20:26:17.215,,,955.717
61e004273c53ad3813e84abd,6499c9e07cf73f0501ce358f,RETURNED,,,2023-06-26 20:10:20.175,2023-06-26 20:11:03.189,,,43.014
61e004273c53ad3813e84abd,6499c9e07cf73f0501ce358f,RETURNED,,,2023-06-26 20:09:41.973,2023-06-26 20:15:51.303,,,369.33
61e004273c53ad3813e84abd,6499c9e07cf73f0501ce358f,RETURNED,,,2023-06-26 20:12:00.725,2023-06-26 20:22:49.042,,,648.317
61e004273c53ad3813e84abd,6499c9e07cf73f0501ce358f,RETURNED,,,2023-06-26 20:11:15.243,2023-06-26 20:19:38.152,,,502.909
61e004273c53ad3813e84abd,6499c9e07cf73f0501ce358f,RETURNED,,,2023-06-26 20:10:50.603,2023-06-26 20:13:14.492,,,143.889
61e004273c53ad3813e84abd,6499c9e07cf73f0501ce358f,RETURNED,,,2023-06-26 20:10:31.382,2023-06-26 20:14:07.835,,,216.453
61e004273c53ad3813e84abd,6499c9e07cf73f0501ce358f,RETURNED,,,2023-06-26 20:11:42.399,2023-06-26 20:33:49.900,,,1327.501
61e004273c53ad3813e84abd,6499c9e07cf73f0501ce358f,RETURNED,,,2023-06-26 20:13:09.605,2023-06-26 20:20:26.661,,,437.056
61e004273c53ad3813e84abd,6499c9e07cf73f0501ce358f,RETURNED,,,2023-06-26 20:11:32.860,2023-06-26 20:17:37.331,,,364.471
61e004273c53ad3813e84abd,6499c9e07cf73f0501ce358f,RETURNED,,,2023-06-26 20:11:13.251,2023-06-26 20:15:51.558,,,278.307
61e004273c53ad3813e84abd,6499c9e07cf73f0501ce358f,RETURNED,,,2023-06-26 20:11:30.307,2023-06-26 20:20:15.033,,,524.726
61e004273c53ad3813e84abd,6499c9e07cf73f0501ce358f,RETURNED,,,2023-06-26 20:12:11.683,2023-06-26 20:18:43.105,,,391.422
61e004273c53ad3813e84abd,6499c9e07cf73f0501ce358f,RETURNED,,,2023-06-26 20:11:44.814,2023-06-26 20:17:11.088,,,326.274
61e004273c53ad3813e84abd,6499c9e07cf73f0501ce358f,RETURNED,,,2023-06-26 20:11:51.676,2023-06-26 20:16:22.319,,,270.643
61e004273c53ad3813e84abd,6499c9e07cf73f0501ce358f,RETURNED,,,2023-06-26 20:13:33.032,2023-06-26 20:19:57.636,,,384.604
61e004273c53ad3813e84abd,6499c9e07cf73f0501ce358f,RETURNED,,,2023-06-26 20:13:50.479,2023-06-26 20:19:39.813,,,349.334
61e004273c53ad3813e84abd,6499c9e07cf73f0501ce358f,RETURNED,,,2023-06-26 20:13:42.757,2023-06-26 20:18:52.775,,,310.018
61e004273c53ad3813e84abd,6499c9e07cf73f0501ce358f,RETURNED,,,2023-06-26 20:21:53.441,2023-06-26 20:31:58.838,,,605.397
61e004273c53ad3813e84abd,6499c9e07cf73f0501ce358f,RETURNED,,,2023-06-26 20:13:13.275,2023-06-26 20:23:41.096,,,627.821
61e004273c53ad3813e84abd,6499c9e07cf73f0501ce358f,RETURNED,,,2023-06-26 20:12:19.877,2023-06-26 20:15:34.122,,,194.245
61e004273c53ad3813e84abd,6499c9e07cf73f0501ce358f,RETURNED,,,2023-06-26 20:12:49.262,2023-06-26 20:17:14.304,,,265.042
61e004273c53ad3813e84abd,6499c9e07cf73f0501ce358f,RETURNED,,,2023-06-26 20:13:39.650,2023-06-26 20:25:03.365,,,683.715
61e004273c53ad3813e84abd,6499c9e07cf73f0501ce358f,RETURNED,,,2023-06-26 20:14:16.198,2023-06-26 20:22:19.175,,,482.977
61e004273c53ad3813e84abd,6499c9e07cf73f0501ce358f,RETURNED,,,2023-06-26 20:14:34.654,2023-06-26 20:20:27.210,,,352.556
61e004273c53ad3813e84abd,6499c9e07cf73f0501ce358f,RETURNED,,,2023-06-26 20:14:02.079,2023-06-26 20:28:25.190,,,863.111
61e004273c53ad3813e84abd,6499c9e07cf73f0501ce358f,RETURNED,,,2023-06-26 20:14:09.157,2023-06-26 20:20:57.156,,,407.999
61e004273c53ad3813e84abd,6499c9e07cf73f0501ce358f,RETURNED,,,2023-06-26 20:14:50.511,2023-06-26 20:24:24.382,,,573.871
61e004273c53ad3813e84abd,6499c9e07cf73f0501ce358f,RETURNED,,,2023-06-26 20:14:51.827,2023-06-26 20:22:20.830,,,449.003
61e004273c53ad3813e84abd,6499c9e07cf73f0501ce358f,RETURNED,,,2023-06-26 20:15:00.703,2023-06-26 20:26:15.609,,,674.906
61e004273c53ad3813e84abd,6499c9e07cf73f0501ce358f,RETURNED,,,2023-06-26 20:15:02.947,2023-06-26 20:21:37.574,,,394.627
61e004273c53ad3813e84abd,6499c9e07cf73f0501ce358f,RETURNED,,,2023-06-26 20:16:24.500,2023-06-26 20:22:56.058,,,391.558
61e004273c53ad3813e84abd,6499c9e07cf73f0501ce358f,RETURNED,,,2023-06-26 20:14:59.121,2023-06-26 20:21:32.205,,,393.084
61e004273c53ad3813e84abd,6499c9e07cf73f0501ce358f,RETURNED,,,2023-06-26 20:16:14.934,2023-06-26 20:22:19.015,,,364.081
61e004273c53ad3813e84abd,6499c9e07cf73f0501ce358f,RETURNED,,,2023-06-26 20:14:44.506,2023-06-26 20:23:20.314,,,515.808
61e004273c53ad3813e84abd,6499c9e07cf73f0501ce358f,RETURNED,,,2023-06-26 20:16:56.174,2023-06-26 20:21:33.717,,,277.543
61e004273c53ad3813e84abd,6499c9e07cf73f0501ce358f,RETURNED,,,2023-06-26 20:16:51.709,2023-06-26 20:22:18.862,,,327.153
61e004273c53ad3813e84abd,6499c9e07cf73f0501ce358f,RETURNED,,,2023-06-26 20:16:29.680,2023-06-26 20:25:19.203,,,529.523
61e004273c53ad3813e84abd,6499c9e07cf73f0501ce358f,RETURNED,,,2023-06-26 20:17:09.134,2023-06-26 20:20:52.297,,,223.163
61e004273c53ad3813e84abd,6499c9e07cf73f0501ce358f,RETURNED,,,2023-06-26 20:17:29.393,2023-06-26 20:29:22.257,,,712.864
61e004273c53ad3813e84abd,6499c9e07cf73f0501ce358f,RETURNED,,,2023-06-26 20:16:50.180,2023-06-26 20:23:28.124,,,397.944
61e004273c53ad3813e84abd,6499c9e07cf73f0501ce358f,RETURNED,,,2023-06-26 20:18:13.862,2023-06-26 20:23:48.188,,,334.326
61e004273c53ad3813e84abd,6499c9e07cf73f0501ce358f,RETURNED,,,2023-06-26 20:17:46.528,2023-06-26 20:20:56.573,,,190.045
61e004273c53ad3813e84abd,6499c9e07cf73f0501ce358f,RETURNED,,,2023-06-26 20:18:04.564,2023-06-26 20:25:49.669,,,465.105
61e004273c53ad3813e84abd,6499c9e07cf73f0501ce358f,RETURNED,,,2023-06-26 20:17:37.697,2023-06-26 20:23:57.000,,,379.303
61e004273c53ad3813e84abd,6499c9e07cf73f0501ce358f,RETURNED,,,2023-06-26 20:18:19.022,2023-06-26 20:22:00.699,,,221.677
61e004273c53ad3813e84abd,6499c9e07cf73f0501ce358f,RETURNED,,,2023-06-26 20:19:01.393,2023-06-26 20:26:24.240,,,442.847
61e004273c53ad3813e84abd,6499c9e07cf73f0501ce358f,RETURNED,,,2023-06-26 20:19:00.847,2023-06-26 20:23:17.745,,,256.898
61e004273c53ad3813e84abd,6499c9e07cf73f0501ce358f,RETURNED,,,2023-06-26 20:18:57.498,2023-06-26 20:25:03.265,,,365.767
61e004273c53ad3813e84abd,6499c9e07cf73f0501ce358f,RETURNED,,,2023-06-26 20:19:05.462,2023-06-26 20:25:54.051,,,408.589
61e004273c53ad3813e84abd,6499c9e07cf73f0501ce358f,RETURNED,,,2023-06-26 20:19:42.473,2023-06-26 20:24:22.621,,,280.148
61e004273c53ad3813e84abd,6499c9e07cf73f0501ce358f,RETURNED,,,2023-06-26 20:19:18.175,2023-06-26 20:24:05.033,,,286.858
61e004273c53ad3813e84abd,6499c9e07cf73f0501ce358f,RETURNED,,,2023-06-26 20:19:18.754,2023-06-26 20:26:09.917,,,411.163
61e004273c53ad3813e84abd,6499c9e07cf73f0501ce358f,RETURNED,,,2023-06-26 20:19:28.860,2023-06-26 20:26:10.648,,,401.788
61e004273c53ad3813e84abd,6499c9e07cf73f0501ce358f,RETURNED,,,2023-06-26 20:19:34.912,2023-06-26 20:24:19.964,,,285.052
61e004273c53ad3813e84abd,6499c9e07cf73f0501ce358f,RETURNED,,,2023-06-26 20:20:40.495,2023-06-26 20:26:25.894,,,345.399
61e004273c53ad3813e84abd,6499c9e07cf73f0501ce358f,RETURNED,,,2023-06-26 20:20:08.525,2023-06-26 20:26:13.389,,,364.864
61e004273c53ad3813e84abd,6499c9e07cf73f0501ce358f,RETURNED,,,2023-06-26 19:11:20.920,2023-06-26 19:17:46.616,,,385.696
61e004273c53ad3813e84abd,6499c9e07cf73f0501ce358f,RETURNED,,,2023-06-26 20:20:26.264,2023-06-26 20:21:03.608,,,37.344
61e004273c53ad3813e84abd,6499c9e07cf73f0501ce358f,RETURNED,,,2023-06-26 20:20:00.635,2023-06-26 20:23:26.075,,,205.44
61e004273c53ad3813e84abd,6499c9e07cf73f0501ce358f,RETURNED,,,2023-06-26 19:01:19.273,2023-06-26 19:01:57.241,,,37.968
61e004273c53ad3813e84abd,6499c9e07cf73f0501ce358f,RETURNED,,,2023-06-26 18:34:46.666,2023-06-26 18:35:30.596,,,43.93
61e004273c53ad3813e84abd,6499c9e07cf73f0501ce358f,RETURNED,,,2023-06-26 19:12:55.642,2023-06-26 19:16:08.427,,,192.785
61e004273c53ad3813e84abd,6499c9e07cf73f0501ce358f,RETURNED,,,2023-06-26 19:36:46.117,2023-06-26 19:41:07.009,,,260.892
61e004273c53ad3813e84abd,6499c9e07cf73f0501ce358f,RETURNED,,,2023-06-26 19:24:36.709,2023-06-26 19:26:29.944,,,113.235
61e004273c53ad3813e84abd,6499c9e07cf73f0501ce358f,RETURNED,,,2023-06-26 19:18:20.818,2023-06-26 19:18:54.594,,,33.776
61e004273c53ad3813e84abd,6499c9e07cf73f0501ce358f,RETURNED,,,2023-06-26 19:23:50.983,2023-06-26 19:26:36.384,,,165.401
61e004273c53ad3813e84abd,6499c9e07cf73f0501ce358f,RETURNED,,,2023-06-26 20:10:50.158,2023-06-26 20:20:20.965,,,570.807
61e004273c53ad3813e84abd,6499c9e07cf73f0501ce358f,RETURNED,,,2023-06-26 19:37:50.716,2023-06-26 19:41:57.627,,,246.911
61e004273c53ad3813e84abd,6499c9e07cf73f0501ce358f,RETURNED,,,2023-06-26 19:39:45.628,2023-06-26 19:41:25.505,,,99.877
61e004273c53ad3813e84abd,6499c9e07cf73f0501ce358f,RETURNED,,,2023-06-26 19:46:59.460,2023-06-26 19:49:14.950,,,135.49
61e004273c53ad3813e84abd,6499c9e07cf73f0501ce358f,RETURNED,,,2023-06-26 19:47:56.149,2023-06-26 19:54:56.956,,,420.807
61e004273c53ad3813e84abd,6499c9e07cf73f0501ce358f,RETURNED,,,2023-06-26 19:41:23.956,2023-06-26 19:41:54.229,,,30.273
61e004273c53ad3813e84abd,6499c9e07cf73f0501ce358f,RETURNED,,,2023-06-26 19:43:05.511,2023-06-26 19:45:19.011,,,133.5
61e004273c53ad3813e84abd,6499c9e07cf73f0501ce358f,RETURNED,,,2023-06-26 19:43:09.705,2023-06-26 19:44:29.163,,,79.458
61e004273c53ad3813e84abd,6499c9e07cf73f0501ce358f,RETURNED,,,2023-06-26 20:12:14.895,2023-06-26 20:15:36.166,,,201.271
61e004273c53ad3813e84abd,6499c9e07cf73f0501ce358f,RETURNED,,,2023-06-26 20:10:13.908,2023-06-26 20:14:46.196,,,272.288
61e004273c53ad3813e84abd,6499c9e07cf73f0501ce358f,RETURNED,,,2023-06-26 20:11:22.925,2023-06-26 20:16:45.150,,,322.225
61e004273c53ad3813e84abd,6499c9e07cf73f0501ce358f,RETURNED,,,2023-06-26 20:10:59.465,2023-06-26 20:15:12.612,,,253.147
61e004273c53ad3813e84abd,6499c9e07cf73f0501ce358f,RETURNED,,,2023-06-26 20:12:06.356,2023-06-26 20:17:10.295,,,303.939
61e004273c53ad3813e84abd,6499c9e07cf73f0501ce358f,RETURNED,,,2023-06-26 20:12:06.295,2023-06-26 20:22:45.872,,,639.577
61e004273c53ad3813e84abd,6499c9e07cf73f0501ce358f,RETURNED,,,2023-06-26 20:12:11.076,2023-06-26 20:16:24.186,,,253.11
61e004273c53ad3813e84abd,6499c9e07cf73f0501ce358f,RETURNED,,,2023-06-26 20:10:35.694,2023-06-26 20:18:30.548,,,474.854
61e004273c53ad3813e84abd,6499c9e07cf73f0501ce358f,RETURNED,,,2023-06-26 20:12:05.754,2023-06-26 20:20:20.459,,,494.705
61e004273c53ad3813e84abd,6499c9e07cf73f0501ce358f,RETURNED,,,2023-06-26 20:14:58.620,2023-06-26 20:24:31.091,,,572.471
61e004273c53ad3813e84abd,6499c9e07cf73f0501ce358f,RETURNED,,,2023-06-26 20:13:29.467,2023-06-26 20:18:23.960,,,294.493
61e004273c53ad3813e84abd,6499c9e07cf73f0501ce358f,RETURNED,,,2023-06-26 20:13:29.585,2023-06-26 20:21:56.840,,,507.255
61e004273c53ad3813e84abd,6499c9e07cf73f0501ce358f,RETURNED,,,2023-06-26 20:13:26.779,2023-06-26 20:18:30.678,,,303.899
61e004273c53ad3813e84abd,6499c9e07cf73f0501ce358f,RETURNED,,,2023-06-26 20:13:23.794,2023-06-26 20:18:52.058,,,328.264
61e004273c53ad3813e84abd,6499c9e07cf73f0501ce358f,RETURNED,,,2023-06-26 20:12:19.779,2023-06-26 20:17:23.343,,,303.564
61e004273c53ad3813e84abd,6499c9e07cf73f0501ce358f,RETURNED,,,2023-06-26 20:15:34.038,2023-06-26 20:21:42.969,,,368.931
61e004273c53ad3813e84abd,6499c9e07cf73f0501ce358f,RETURNED,,,2023-06-26 20:16:17.377,2023-06-26 20:25:58.337,,,580.96
61e004273c53ad3813e84abd,6499c9e07cf73f0501ce358f,RETURNED,,,2023-06-26 20:15:28.779,2023-06-26 20:21:12.524,,,343.745
61e004273c53ad3813e84abd,6499c9e07cf73f0501ce358f,RETURNED,,,2023-06-26 20:16:37.899,2023-06-26 20:22:43.240,,,365.341
61e004273c53ad3813e84abd,6499c9e07cf73f0501ce358f,RETURNED,,,2023-06-26 20:17:21.364,2023-06-26 20:22:23.350,,,301.986
61e004273c53ad3813e84abd,6499c9e07cf73f0501ce358f,RETURNED,,,2023-06-26 20:15:26.852,2023-06-26 20:19:59.809,,,272.957
61e004273c53ad3813e84abd,6499c9e07cf73f0501ce358f,RETURNED,,,2023-06-26 20:15:15.450,2023-06-26 20:23:18.176,,,482.726
61e004273c53ad3813e84abd,6499c9e07cf73f0501ce358f,RETURNED,,,2023-06-26 20:17:26.830,2023-06-26 20:22:41.941,,,315.111
61e004273c53ad3813e84abd,6499c9e07cf73f0501ce358f,RETURNED,,,2023-06-26 20:17:25.151,2023-06-26 20:23:34.689,,,369.538
61e004273c53ad3813e84abd,6499c9e07cf73f0501ce358f,RETURNED,,,2023-06-26 20:18:00.609,2023-06-26 20:26:04.027,,,483.418
61e004273c53ad3813e84abd,6499c9e07cf73f0501ce358f,RETURNED,,,2023-06-26 20:18:00.726,2023-06-26 20:23:40.727,,,340.001
61e004273c53ad3813e84abd,6499c9e07cf73f0501ce358f,RETURNED,,,2023-06-26 20:21:03.886,2023-06-26 20:28:08.023,,,424.137
61e004273c53ad3813e84abd,6499c9e07cf73f0501ce358f,RETURNED,,,2023-06-26 20:18:07.695,2023-06-26 20:21:25.548,,,197.853
61e004273c53ad3813e84abd,6499c9e07cf73f0501ce358f,RETURNED,,,2023-06-26 20:17:28.802,2023-06-26 20:21:31.434,,,242.632
61e004273c53ad3813e84abd,6499c9e07cf73f0501ce358f,RETURNED,,,2023-06-26 20:17:45.369,2023-06-26 20:23:34.698,,,349.329
61e004273c53ad3813e84abd,6499c9e07cf73f0501ce358f,RETURNED,,,2023-06-26 20:19:44.172,2023-06-26 20:24:09.947,,,265.775
61e004273c53ad3813e84abd,6499c9e07cf73f0501ce358f,RETURNED,,,2023-06-26 20:19:51.900,2023-06-26 20:24:17.270,,,265.37
61e004273c53ad3813e84abd,6499c9e07cf73f0501ce358f,RETURNED,,,2023-06-26 20:20:34.718,2023-06-26 20:26:54.444,,,379.726
61e004273c53ad3813e84abd,6499c9e07cf73f0501ce358f,RETURNED,,,2023-06-26 20:20:35.098,2023-06-26 20:31:13.878,,,638.78
61e004273c53ad3813e84abd,6499c9e07cf73f0501ce358f,RETURNED,,,2023-06-26 20:20:07.691,2023-06-26 20:25:13.797,,,306.106
61e004273c53ad3813e84abd,6499c9e07cf73f0501ce358f,RETURNED,,,2023-06-26 20:20:11.733,2023-06-26 20:24:11.410,,,239.677
61e004273c53ad3813e84abd,6499c9e07cf73f0501ce358f,RETURNED,,,2023-06-26 20:19:18.656,2023-06-26 20:26:31.468,,,432.812
61e004273c53ad3813e84abd,6499c9e07cf73f0501ce358f,RETURNED,,,2023-06-26 20:20:54.429,2023-06-26 20:27:54.936,,,420.507
61e004273c53ad3813e84abd,6499c9e07cf73f0501ce358f,RETURNED,,,2023-06-26 20:20:51.851,2023-06-26 20:28:38.406,,,466.555
61e004273c53ad3813e84abd,6499c9e07cf73f0501ce358f,RETURNED,,,2023-06-26 20:20:54.076,2023-06-26 20:26:36.081,,,342.005
61e004273c53ad3813e84abd,6499c9e07cf73f0501ce358f,RETURNED,,,2023-06-26 20:20:45.554,2023-06-26 20:26:09.387,,,323.833
61e004273c53ad3813e84abd,6499c9e07cf73f0501ce358f,RETURNED,,,2023-06-26 20:20:43.742,2023-06-26 20:25:34.443,,,290.701
61e004273c53ad3813e84abd,649a0841bc81fcf4bd3e1c1b,RETURNED,,,2023-06-27 08:23:21.589,2023-06-27 08:23:48.122,,,26.533
61e004273c53ad3813e84abd,649a0841bc81fcf4bd3e1c1b,RETURNED,,,2023-06-27 08:25:09.988,2023-06-27 08:41:50.558,,,1000.57
61e004273c53ad3813e84abd,649a0841bc81fcf4bd3e1c1b,RETURNED,,,2023-06-27 10:24:34.221,2023-06-27 10:27:40.337,,,186.116
61e004273c53ad3813e84abd,649a0841bc81fcf4bd3e1c1b,RETURNED,,,2023-06-27 10:48:17.545,2023-06-27 10:59:41.911,,,684.366
61e004273c53ad3813e84abd,649a0841bc81fcf4bd3e1c1b,RETURNED,,,2023-06-27 11:19:33.690,2023-06-27 11:22:44.120,,,190.43
61e004273c53ad3813e84abd,649a0841bc81fcf4bd3e1c1b,RETURNED,,,2023-06-27 11:42:40.593,2023-06-27 11:47:58.231,,,317.638
61e004273c53ad3813e84abd,649a0841bc81fcf4bd3e1c1b,RETURNED,,,2023-06-27 12:00:21.429,2023-06-27 12:06:31.538,,,370.109
61e004273c53ad3813e84abd,649a0841bc81fcf4bd3e1c1b,RETURNED,,,2023-06-27 08:34:18.396,2023-06-27 08:48:19.995,,,841.599
61e004273c53ad3813e84abd,649a0841bc81fcf4bd3e1c1b,RETURNED,,,2023-06-27 12:15:37.937,2023-06-27 12:17:16.395,,,98.458
61e004273c53ad3813e84abd,649a0841bc81fcf4bd3e1c1b,RETURNED,,,2023-06-27 12:21:40.018,2023-06-27 12:22:21.006,,,40.988
61e004273c53ad3813e84abd,649a0841bc81fcf4bd3e1c1b,RETURNED,,,2023-06-27 12:04:27.495,2023-06-27 12:06:49.964,,,142.469
61e004273c53ad3813e84abd,649a0841bc81fcf4bd3e1c1b,RETURNED,,,2023-06-27 12:58:46.632,2023-06-27 13:11:33.918,,,767.286
61e004273c53ad3813e84abd,649a0841bc81fcf4bd3e1c1b,RETURNED,,,2023-06-27 12:45:30.061,2023-06-27 12:46:37.364,,,67.303
61e004273c53ad3813e84abd,649a0841bc81fcf4bd3e1c1b,RETURNED,,,2023-06-27 13:11:39.497,2023-06-27 13:12:53.608,,,74.111
61e004273c53ad3813e84abd,649a0841bc81fcf4bd3e1c1b,RETURNED,,,2023-06-27 13:02:07.989,2023-06-27 13:12:33.303,,,625.314
61e004273c53ad3813e84abd,649a0841bc81fcf4bd3e1c1b,RETURNED,,,2023-06-27 13:10:38.954,2023-06-27 13:29:29.930,,,1130.976
61e004273c53ad3813e84abd,649a0841bc81fcf4bd3e1c1b,RETURNED,,,2023-06-27 12:43:00.958,2023-06-27 12:57:02.157,,,841.199
61e004273c53ad3813e84abd,649a0841bc81fcf4bd3e1c1b,RETURNED,,,2023-06-27 13:07:09.361,2023-06-27 13:12:09.824,,,300.463
61e004273c53ad3813e84abd,649a0841bc81fcf4bd3e1c1b,RETURNED,,,2023-06-27 13:40:33.681,2023-06-27 14:03:02.409,,,1348.728
61e004273c53ad3813e84abd,649a0841bc81fcf4bd3e1c1b,RETURNED,,,2023-06-27 13:43:01.427,2023-06-27 13:45:40.060,,,158.633
61e004273c53ad3813e84abd,649a0841bc81fcf4bd3e1c1b,RETURNED,NOCODE,NOCODE,2023-06-27 13:54:39.211,2023-06-27 17:21:41.971,2023-06-27T14:04:48.782,2023-06-27T14:04:48.782,12422.76
61e004273c53ad3813e84abd,649a0841bc81fcf4bd3e1c1b,RETURNED,,,2023-06-27 13:27:11.189,2023-06-27 13:30:30.155,,,198.966
61e004273c53ad3813e84abd,649a0841bc81fcf4bd3e1c1b,RETURNED,,,2023-06-27 14:03:41.603,2023-06-27 14:25:52.870,,,1331.267
61e004273c53ad3813e84abd,649a0841bc81fcf4bd3e1c1b,RETURNED,,,2023-06-27 14:08:31.762,2023-06-27 14:09:37.676,,,65.914
61e004273c53ad3813e84abd,649a0841bc81fcf4bd3e1c1b,RETURNED,,,2023-06-27 14:08:29.654,2023-06-27 14:09:01.469,,,31.815
61e004273c53ad3813e84abd,649a0841bc81fcf4bd3e1c1b,RETURNED,,,2023-06-27 14:07:49.354,2023-06-27 14:08:40.769,,,51.415
61e004273c53ad3813e84abd,649a0841bc81fcf4bd3e1c1b,RETURNED,,,2023-06-27 13:33:54.334,2023-06-27 13:34:47.783,,,53.449
61e004273c53ad3813e84abd,649a0841bc81fcf4bd3e1c1b,RETURNED,NOCODE,NOCODE,2023-06-27 14:15:46.083,2023-06-27 16:22:49.274,2023-06-27T14:26:22.039,2023-06-27T14:26:22.039,7623.191
61e004273c53ad3813e84abd,649a0841bc81fcf4bd3e1c1b,RETURNED,C8BZSZAG,CORRECT,2023-06-27 14:24:43.772,2023-06-27 17:22:53.715,2023-06-27T14:51:18.334,2023-06-27T14:51:18.334,10689.943
61e004273c53ad3813e84abd,649a0841bc81fcf4bd3e1c1b,RETURNED,,,2023-06-27 14:50:06.255,2023-06-27 14:50:34.931,,,28.676
61e004273c53ad3813e84abd,649a0841bc81fcf4bd3e1c1b,RETURNED,,,2023-06-27 14:41:56.040,2023-06-27 14:49:43.773,,,467.733
61e004273c53ad3813e84abd,649a0841bc81fcf4bd3e1c1b,RETURNED,,,2023-06-27 14:54:44.163,2023-06-27 15:02:41.757,,,477.594
61e004273c53ad3813e84abd,649a0841bc81fcf4bd3e1c1b,RETURNED,,,2023-06-27 14:54:18.102,2023-06-27 14:56:54.155,,,156.053
61e004273c53ad3813e84abd,649a0841bc81fcf4bd3e1c1b,RETURNED,NOCODE,NOCODE,2023-06-27 14:27:23.441,2023-06-27 16:21:44.655,2023-06-27T14:32:33.533,2023-06-27T14:32:33.533,6861.214
61e004273c53ad3813e84abd,649a0841bc81fcf4bd3e1c1b,RETURNED,,,2023-06-27 16:12:06.750,2023-06-27 16:12:52.364,,,45.614
61e004273c53ad3813e84abd,649a0841bc81fcf4bd3e1c1b,RETURNED,,,2023-06-27 15:27:14.078,2023-06-27 15:29:18.082,,,124.004
61e004273c53ad3813e84abd,649a0841bc81fcf4bd3e1c1b,RETURNED,,,2023-06-27 21:40:28.312,2023-06-27 21:41:06.478,,,38.166
61e004273c53ad3813e84abd,649a0841bc81fcf4bd3e1c1b,RETURNED,,,2023-06-27 23:59:00.836,2023-06-28 00:00:40.617,,,99.781
61e004273c53ad3813e84abd,649a0841bc81fcf4bd3e1c1b,RETURNED,,,2023-06-27 23:38:22.691,2023-06-27 23:51:21.136,,,778.445
61e004273c53ad3813e84abd,649a0841bc81fcf4bd3e1c1b,RETURNED,,,2023-06-27 17:24:12.284,2023-06-27 17:26:49.492,,,157.208
61e004273c53ad3813e84abd,649a0841bc81fcf4bd3e1c1b,RETURNED,,,2023-06-30 02:38:00.196,2023-06-30 02:38:26.873,,,26.677
61e004273c53ad3813e84abd,649a0841bc81fcf4bd3e1c1b,RETURNED,,,2023-06-27 19:41:56.646,2023-06-27 19:46:16.955,,,260.309
61e004273c53ad3813e84abd,649a0841bc81fcf4bd3e1c1b,RETURNED,,,2023-06-27 21:29:38.715,2023-06-27 21:30:57.012,,,78.297
61e004273c53ad3813e84abd,649a0841bc81fcf4bd3e1c1b,RETURNED,,,2023-06-28 18:34:33.929,2023-06-28 18:40:14.573,,,340.644
61e004273c53ad3813e84abd,649a0841bc81fcf4bd3e1c1b,RETURNED,,,2023-06-27 20:52:02.058,2023-06-27 20:59:14.383,,,432.325
61e004273c53ad3813e84abd,649a0841bc81fcf4bd3e1c1b,RETURNED,,,2023-06-30 05:46:16.561,2023-06-30 05:51:37.027,,,320.466
61e004273c53ad3813e84abd,649a0841bc81fcf4bd3e1c1b,RETURNED,,,2023-06-30 07:49:39.292,2023-06-30 08:17:55.028,,,1695.736
61e004273c53ad3813e84abd,649a0841bc81fcf4bd3e1c1b,RETURNED,,,2023-06-30 01:42:39.902,2023-06-30 01:43:22.010,,,42.108
61e004273c53ad3813e84abd,649a0841bc81fcf4bd3e1c1b,RETURNED,,,2023-06-30 11:27:10.027,2023-06-30 11:49:16.403,,,1326.376
61e004273c53ad3813e84abd,649a0841bc81fcf4bd3e1c1b,RETURNED,,,2023-06-30 11:26:58.776,2023-06-30 11:31:59.661,,,300.885
61e004273c53ad3813e84abd,649a0841bc81fcf4bd3e1c1b,RETURNED,,,2023-06-30 08:43:29.036,2023-06-30 08:53:04.293,,,575.257
61e004273c53ad3813e84abd,649a0841bc81fcf4bd3e1c1b,RETURNED,,,2023-06-30 06:33:08.605,2023-06-30 06:34:56.685,,,108.08
61e004273c53ad3813e84abd,649a0841bc81fcf4bd3e1c1b,RETURNED,,,2023-06-27 22:15:53.712,2023-06-27 22:16:23.597,,,29.885
61e004273c53ad3813e84abd,649a0841bc81fcf4bd3e1c1b,RETURNED,,,2023-06-27 15:02:58.142,2023-06-27 15:08:27.836,,,329.694
61e004273c53ad3813e84abd,649a0841bc81fcf4bd3e1c1b,RETURNED,,,2023-06-30 02:36:35.681,2023-06-30 02:37:21.407,,,45.726
61e004273c53ad3813e84abd,649a0841bc81fcf4bd3e1c1b,RETURNED,,,2023-06-27 15:16:52.340,2023-06-27 15:33:12.297,,,979.957
61e004273c53ad3813e84abd,649a0841bc81fcf4bd3e1c1b,RETURNED,NOCODE,NOCODE,2023-06-27 15:16:03.381,2023-06-27 16:23:48.367,2023-06-27T15:21:20.547,2023-06-27T15:21:20.547,4064.986
61e004273c53ad3813e84abd,649a0841bc81fcf4bd3e1c1b,RETURNED,,,2023-06-28 12:46:13.713,2023-06-28 12:58:19.650,,,725.937
61e004273c53ad3813e84abd,649a0841bc81fcf4bd3e1c1b,RETURNED,,,2023-06-27 19:38:52.855,2023-06-27 19:41:54.876,,,182.021
61e004273c53ad3813e84abd,649a0841bc81fcf4bd3e1c1b,RETURNED,,,2023-06-27 16:07:59.573,2023-06-27 16:31:09.030,,,1389.457
61e004273c53ad3813e84abd,649a0841bc81fcf4bd3e1c1b,RETURNED,,,2023-06-28 01:13:24.366,2023-06-28 01:16:34.220,,,189.854
61e004273c53ad3813e84abd,649a0841bc81fcf4bd3e1c1b,RETURNED,,,2023-06-28 18:11:43.152,2023-06-28 18:12:06.608,,,23.456
61e004273c53ad3813e84abd,649a0841bc81fcf4bd3e1c1b,RETURNED,,,2023-06-30 03:29:53.526,2023-06-30 03:31:05.415,,,71.889
61e004273c53ad3813e84abd,649a0841bc81fcf4bd3e1c1b,RETURNED,,,2023-06-30 01:30:25.377,2023-06-30 01:34:52.406,,,267.029
61e004273c53ad3813e84abd,649a0841bc81fcf4bd3e1c1b,RETURNED,,,2023-06-28 00:21:57.406,2023-06-28 00:28:01.670,,,364.264
61e004273c53ad3813e84abd,649a0841bc81fcf4bd3e1c1b,RETURNED,,,2023-06-27 20:19:30.458,2023-06-27 20:59:47.845,,,2417.387
61e004273c53ad3813e84abd,649a0841bc81fcf4bd3e1c1b,RETURNED,,,2023-06-27 22:27:01.480,2023-06-27 22:28:32.156,,,90.676
61e004273c53ad3813e84abd,649a0841bc81fcf4bd3e1c1b,RETURNED,,,2023-06-27 22:41:03.206,2023-06-27 22:44:16.755,,,193.549
61e004273c53ad3813e84abd,649a0841bc81fcf4bd3e1c1b,RETURNED,,,2023-06-30 03:06:23.284,2023-06-30 03:07:03.314,,,40.03
61e004273c53ad3813e84abd,649a0841bc81fcf4bd3e1c1b,RETURNED,,,2023-06-27 19:20:18.559,2023-06-27 19:28:24.877,,,486.318
61e004273c53ad3813e84abd,649a0841bc81fcf4bd3e1c1b,RETURNED,,,2023-06-27 18:26:14.522,2023-06-27 18:27:19.926,,,65.404
61e004273c53ad3813e84abd,649a0841bc81fcf4bd3e1c1b,RETURNED,,,2023-06-27 21:05:40.466,2023-06-27 21:06:34.776,,,54.31
61e004273c53ad3813e84abd,649a0841bc81fcf4bd3e1c1b,RETURNED,,,2023-06-30 01:35:08.225,2023-06-30 01:37:37.276,,,149.051
61e004273c53ad3813e84abd,649a0841bc81fcf4bd3e1c1b,RETURNED,,,2023-06-27 17:56:44.089,2023-06-27 17:58:12.293,,,88.204
61e004273c53ad3813e84abd,649a0841bc81fcf4bd3e1c1b,RETURNED,,,2023-06-28 01:12:29.639,2023-06-28 01:15:10.543,,,160.904
61e004273c53ad3813e84abd,649a0841bc81fcf4bd3e1c1b,RETURNED,,,2023-06-27 17:14:08.804,2023-06-27 17:18:57.759,,,288.955
61e004273c53ad3813e84abd,649a0841bc81fcf4bd3e1c1b,RETURNED,,,2023-06-30 08:55:29.722,2023-06-30 08:56:24.547,,,54.825
61e004273c53ad3813e84abd,649a0841bc81fcf4bd3e1c1b,RETURNED,,,2023-06-30 11:27:08.921,2023-06-30 11:49:17.889,,,1328.968
61e004273c53ad3813e84abd,649a0841bc81fcf4bd3e1c1b,RETURNED,,,2023-06-27 15:16:22.600,2023-06-27 15:17:26.766,,,64.166
61e004273c53ad3813e84abd,649a0841bc81fcf4bd3e1c1b,RETURNED,,,2023-06-28 11:50:53.425,2023-06-28 11:53:19.252,,,145.827
61e004273c53ad3813e84abd,649a0841bc81fcf4bd3e1c1b,RETURNED,,,2023-06-28 16:01:56.087,2023-06-28 16:02:32.684,,,36.597
61e004273c53ad3813e84abd,649a0841bc81fcf4bd3e1c1b,RETURNED,,,2023-06-30 05:34:27.395,2023-06-30 05:38:42.242,,,254.847
61e004273c53ad3813e84abd,649a0841bc81fcf4bd3e1c1b,RETURNED,,,2023-06-27 21:34:09.756,2023-06-27 21:57:35.656,,,1405.9
61e004273c53ad3813e84abd,649a0841bc81fcf4bd3e1c1b,RETURNED,,,2023-06-27 16:12:56.010,2023-06-27 16:16:32.143,,,216.133
61e004273c53ad3813e84abd,649a0841bc81fcf4bd3e1c1b,RETURNED,,,2023-06-27 15:06:05.667,2023-06-27 15:07:07.891,,,62.224
61e004273c53ad3813e84abd,649a0841bc81fcf4bd3e1c1b,RETURNED,,,2023-06-28 15:56:17.133,2023-06-28 15:56:39.703,,,22.57
61e004273c53ad3813e84abd,649a0841bc81fcf4bd3e1c1b,RETURNED,,,2023-06-27 17:44:36.006,2023-06-27 17:45:13.649,,,37.643
61e004273c53ad3813e84abd,649a0841bc81fcf4bd3e1c1b,RETURNED,,,2023-06-27 21:54:28.863,2023-06-27 21:56:20.959,,,112.096
61e004273c53ad3813e84abd,649a0841bc81fcf4bd3e1c1b,RETURNED,,,2023-06-27 23:19:57.760,2023-06-27 23:45:56.176,,,1558.416
61e004273c53ad3813e84abd,649a0841bc81fcf4bd3e1c1b,RETURNED,,,2023-06-27 15:27:21.824,2023-06-27 15:29:10.062,,,108.238
61e004273c53ad3813e84abd,649a0841bc81fcf4bd3e1c1b,RETURNED,,,2023-06-28 00:59:42.546,2023-06-28 01:13:14.653,,,812.107
61e004273c53ad3813e84abd,649a0841bc81fcf4bd3e1c1b,RETURNED,,,2023-06-27 19:06:36.062,2023-06-27 19:14:10.479,,,454.417
61e004273c53ad3813e84abd,649a0841bc81fcf4bd3e1c1b,RETURNED,,,2023-06-27 20:40:58.138,2023-06-27 20:48:18.745,,,440.607
61e004273c53ad3813e84abd,649ee06a6f431c3dac10ad95,RETURNED,,,2023-06-30 18:17:36.849,2023-06-30 18:34:53.670,,,1036.821
61e004273c53ad3813e84abd,649ee06a6f431c3dac10ad95,RETURNED,,,2023-06-30 17:35:07.032,2023-06-30 17:37:28.418,,,141.386
61e004273c53ad3813e84abd,649ee06a6f431c3dac10ad95,RETURNED,,,2023-06-30 18:10:07.920,2023-06-30 18:11:18.411,,,70.491
61e004273c53ad3813e84abd,649ee06a6f431c3dac10ad95,RETURNED,NOCODE,NOCODE,2023-07-01 03:41:38.895,2023-07-17 12:31:57.044,2023-07-01T03:43:20.008,2023-07-01T17:17:47.195,1414218.149
61e004273c53ad3813e84abd,649ee06a6f431c3dac10ad95,RETURNED,,,2023-06-30 18:03:47.752,2023-06-30 18:12:33.881,,,526.129
61e004273c53ad3813e84abd,649ee06a6f431c3dac10ad95,RETURNED,,,2023-06-30 18:43:09.114,2023-06-30 18:54:33.943,,,684.829
61e004273c53ad3813e84abd,649ee06a6f431c3dac10ad95,RETURNED,,,2023-06-30 17:35:48.759,2023-06-30 17:38:18.615,,,149.856
61e004273c53ad3813e84abd,649ee06a6f431c3dac10ad95,RETURNED,NOCODE,NOCODE,2023-07-02 04:06:58.421,2023-07-12 10:23:18.310,2023-07-02T04:11:33.563,2023-07-02T14:01:22.746,886579.889
61e004273c53ad3813e84abd,649ee06a6f431c3dac10ad95,RETURNED,,,2023-06-30 19:08:07.760,2023-06-30 19:09:03.022,,,55.262
61e004273c53ad3813e84abd,649ee06a6f431c3dac10ad95,RETURNED,NOCODE,NOCODE,2023-07-01 18:58:40.242,2023-07-14 17:19:19.029,2023-07-01T19:04:00.973,2023-07-02T01:00:37.83,1117238.787
61e004273c53ad3813e84abd,649ee06a6f431c3dac10ad95,RETURNED,NOCODE,NOCODE,2023-07-01 23:50:17.985,2023-07-17 12:32:10.236,2023-07-01T23:53:25.51,2023-07-02T00:59:10.634,1341712.251
61e004273c53ad3813e84abd,649ee06a6f431c3dac10ad95,RETURNED,CYNGWZVG,INCORRECT,2023-07-01 19:50:58.823,2023-07-17 12:32:07.211,2023-07-01T19:51:43.66,2023-07-02T00:45:09.674,1356068.388
61e004273c53ad3813e84abd,649ee06a6f431c3dac10ad95,RETURNED,,,2023-07-01 05:27:23.154,2023-07-01 05:27:43.690,,,20.536
61e004273c53ad3813e84abd,649ee06a6f431c3dac10ad95,RETURNED,,,2023-07-01 00:43:17.768,2023-07-01 00:44:12.743,,,54.975
61e004273c53ad3813e84abd,649ee06a6f431c3dac10ad95,RETURNED,,,2023-06-30 21:59:10.521,2023-06-30 21:59:44.582,,,34.061
61e004273c53ad3813e84abd,649ee06a6f431c3dac10ad95,RETURNED,,,2023-07-01 04:13:56.801,2023-07-01 04:14:46.084,,,49.283
61e004273c53ad3813e84abd,649ee06a6f431c3dac10ad95,RETURNED,,,2023-07-01 00:15:19.447,2023-07-01 00:15:41.609,,,22.162
61e004273c53ad3813e84abd,649ee06a6f431c3dac10ad95,RETURNED,,,2023-07-01 07:23:02.957,2023-07-01 07:27:41.716,,,278.759
61e004273c53ad3813e84abd,649ee06a6f431c3dac10ad95,RETURNED,,,2023-07-01 07:28:12.470,2023-07-01 07:31:25.284,,,192.814
61e004273c53ad3813e84abd,649ee06a6f431c3dac10ad95,RETURNED,,,2023-07-01 07:16:54.151,2023-07-01 07:18:24.758,,,90.607
61e004273c53ad3813e84abd,649ee06a6f431c3dac10ad95,RETURNED,,,2023-07-01 12:38:32.642,2023-07-01 12:38:56.852,,,24.21
61e004273c53ad3813e84abd,649ee06a6f431c3dac10ad95,RETURNED,,,2023-07-01 23:03:13.301,2023-07-01 23:04:20.850,,,67.549
61e004273c53ad3813e84abd,649ee06a6f431c3dac10ad95,RETURNED,,,2023-07-01 19:23:29.414,2023-07-01 19:24:04.033,,,34.619
61e004273c53ad3813e84abd,649ee06a6f431c3dac10ad95,RETURNED,,,2023-07-01 13:47:08.800,2023-07-01 13:54:20.108,,,431.308
61e004273c53ad3813e84abd,649ee06a6f431c3dac10ad95,RETURNED,,,2023-07-02 00:42:24.034,2023-07-02 00:43:00.190,,,36.156
61e004273c53ad3813e84abd,649ee06a6f431c3dac10ad95,RETURNED,,,2023-06-30 20:27:06.589,2023-06-30 20:28:02.098,,,55.509
61e004273c53ad3813e84abd,649ee06a6f431c3dac10ad95,RETURNED,,,2023-07-02 11:34:22.310,2023-07-02 11:35:33.847,,,71.537
61e004273c53ad3813e84abd,649ee06a6f431c3dac10ad95,RETURNED,,,2023-07-02 10:04:15.440,2023-07-02 10:06:03.638,,,108.198
61e004273c53ad3813e84abd,649ee06a6f431c3dac10ad95,RETURNED,,,2023-06-30 21:16:20.663,2023-06-30 21:16:59.181,,,38.518
61e004273c53ad3813e84abd,649ee06a6f431c3dac10ad95,RETURNED,,,2023-06-30 22:00:21.758,2023-06-30 22:01:40.848,,,79.09
61e004273c53ad3813e84abd,649ee06a6f431c3dac10ad95,RETURNED,,,2023-06-30 22:29:07.309,2023-06-30 22:29:27.748,,,20.439
61e004273c53ad3813e84abd,649ee06a6f431c3dac10ad95,RETURNED,,,2023-06-30 21:38:00.718,2023-06-30 21:39:04.292,,,63.574
61e004273c53ad3813e84abd,649ee06a6f431c3dac10ad95,RETURNED,,,2023-06-30 22:53:18.675,2023-06-30 22:56:41.037,,,202.362
61e004273c53ad3813e84abd,649ee06a6f431c3dac10ad95,RETURNED,,,2023-07-01 00:16:16.119,2023-07-01 00:18:28.983,,,132.864
61e004273c53ad3813e84abd,649ee06a6f431c3dac10ad95,RETURNED,,,2023-07-01 00:25:39.951,2023-07-01 00:30:48.088,,,308.137
61e004273c53ad3813e84abd,649ee06a6f431c3dac10ad95,RETURNED,,,2023-07-01 01:27:02.092,2023-07-01 01:30:45.529,,,223.437
61e004273c53ad3813e84abd,649ee06a6f431c3dac10ad95,RETURNED,,,2023-07-01 10:47:37.363,2023-07-01 10:49:47.107,,,129.744
61e004273c53ad3813e84abd,649ee06a6f431c3dac10ad95,RETURNED,,,2023-07-01 03:14:19.274,2023-07-01 03:35:26.346,,,1267.072
61e004273c53ad3813e84abd,649ee06a6f431c3dac10ad95,RETURNED,,,2023-07-01 06:30:38.020,2023-07-01 06:31:04.482,,,26.462
61e004273c53ad3813e84abd,649ee06a6f431c3dac10ad95,RETURNED,,,2023-07-01 01:55:36.027,2023-07-01 01:57:33.097,,,117.07
61e004273c53ad3813e84abd,649ee06a6f431c3dac10ad95,RETURNED,,,2023-07-01 01:15:58.542,2023-07-01 01:19:20.414,,,201.872
61e004273c53ad3813e84abd,649ee06a6f431c3dac10ad95,RETURNED,,,2023-07-01 03:43:04.614,2023-07-01 03:46:02.870,,,178.256
61e004273c53ad3813e84abd,649ee06a6f431c3dac10ad95,RETURNED,,,2023-07-01 15:51:04.995,2023-07-01 15:51:40.321,,,35.326
61e004273c53ad3813e84abd,649ee06a6f431c3dac10ad95,RETURNED,,,2023-07-01 16:32:43.256,2023-07-01 16:33:20.938,,,37.682
61e004273c53ad3813e84abd,649ee06a6f431c3dac10ad95,RETURNED,,,2023-07-01 14:55:04.966,2023-07-01 15:00:05.056,,,300.09
61e004273c53ad3813e84abd,649ee06a6f431c3dac10ad95,RETURNED,,,2023-07-01 13:02:42.685,2023-07-01 13:03:42.672,,,59.987
61e004273c53ad3813e84abd,649ee06a6f431c3dac10ad95,RETURNED,,,2023-07-01 15:36:33.928,2023-07-01 15:41:47.127,,,313.199
61e004273c53ad3813e84abd,649ee06a6f431c3dac10ad95,RETURNED,,,2023-07-01 17:10:08.446,2023-07-01 17:10:52.601,,,44.155
61e004273c53ad3813e84abd,649ee06a6f431c3dac10ad95,RETURNED,,,2023-07-01 17:17:37.813,2023-07-01 17:18:08.115,,,30.302
61e004273c53ad3813e84abd,649ee06a6f431c3dac10ad95,RETURNED,,,2023-07-01 18:34:36.232,2023-07-01 18:55:43.031,,,1266.799
61e004273c53ad3813e84abd,649ee06a6f431c3dac10ad95,RETURNED,,,2023-07-01 22:08:42.727,2023-07-01 22:10:41.412,,,118.685
61e004273c53ad3813e84abd,649ee06a6f431c3dac10ad95,RETURNED,,,2023-07-02 03:24:16.216,2023-07-02 03:25:03.914,,,47.698
61e004273c53ad3813e84abd,649ee06a6f431c3dac10ad95,RETURNED,,,2023-07-02 03:03:58.350,2023-07-02 03:04:29.132,,,30.782
61e004273c53ad3813e84abd,649ee06a6f431c3dac10ad95,RETURNED,,,2023-07-01 22:13:57.721,2023-07-01 22:15:05.147,,,67.426
61e004273c53ad3813e84abd,649ee06a6f431c3dac10ad95,RETURNED,,,2023-07-02 09:06:20.970,2023-07-02 09:08:39.334,,,138.364
61e004273c53ad3813e84abd,649ee06a6f431c3dac10ad95,RETURNED,,,2023-07-01 23:15:00.269,2023-07-01 23:34:56.276,,,1196.007
61e004273c53ad3813e84abd,64a18394414b0d9266cdb623,RETURNED,,,2023-07-04 17:50:26.304,2023-07-04 17:53:06.734,,,160.43
61e004273c53ad3813e84abd,64a18394414b0d9266cdb623,RETURNED,,,2023-07-04 02:39:44.186,2023-07-04 02:50:01.289,,,617.103
61e004273c53ad3813e84abd,64a18394414b0d9266cdb623,RETURNED,,,2023-07-03 04:54:41.270,2023-07-03 04:57:01.017,,,139.747
61e004273c53ad3813e84abd,64a18394414b0d9266cdb623,RETURNED,,,2023-07-02 19:01:02.107,2023-07-02 19:03:13.492,,,131.385
61e004273c53ad3813e84abd,64a18394414b0d9266cdb623,RETURNED,,,2023-07-03 05:40:27.895,2023-07-03 05:40:57.161,,,29.266
61e004273c53ad3813e84abd,64a18394414b0d9266cdb623,RETURNED,,,2023-07-02 19:04:07.980,2023-07-02 19:05:23.560,,,75.58
61e004273c53ad3813e84abd,64a18394414b0d9266cdb623,RETURNED,,,2023-07-03 00:18:34.045,2023-07-03 00:20:34.849,,,120.804
61e004273c53ad3813e84abd,64a18394414b0d9266cdb623,RETURNED,,,2023-07-02 18:32:05.650,2023-07-02 18:56:37.538,,,1471.888
61e004273c53ad3813e84abd,64a18394414b0d9266cdb623,RETURNED,,,2023-07-05 00:48:20.595,2023-07-05 00:50:16.841,,,116.246
61e004273c53ad3813e84abd,64a18394414b0d9266cdb623,RETURNED,,,2023-07-03 17:09:27.219,2023-07-03 17:10:19.757,,,52.538
61e004273c53ad3813e84abd,64a18394414b0d9266cdb623,RETURNED,,,2023-07-02 16:19:20.941,2023-07-02 16:41:03.762,,,1302.821
61e004273c53ad3813e84abd,64a18394414b0d9266cdb623,RETURNED,,,2023-07-03 04:11:05.123,2023-07-03 04:37:24.921,,,1579.798
61e004273c53ad3813e84abd,64a18394414b0d9266cdb623,RETURNED,,,2023-07-03 15:21:26.266,2023-07-03 15:22:22.639,,,56.373
61e004273c53ad3813e84abd,64a18394414b0d9266cdb623,RETURNED,C1BILVF5,INCORRECT,2023-07-02 23:54:34.436,2023-07-17 19:58:50.393,2023-07-02T23:54:42.334,2023-07-03T01:46:20.184,1281855.957
61e004273c53ad3813e84abd,64a18394414b0d9266cdb623,RETURNED,,,2023-07-02 19:15:56.657,2023-07-02 19:23:30.996,,,454.339
61e004273c53ad3813e84abd,64a18394414b0d9266cdb623,RETURNED,,,2023-07-03 17:53:29.701,2023-07-03 17:55:25.865,,,116.164
61e004273c53ad3813e84abd,64a18394414b0d9266cdb623,RETURNED,,,2023-07-02 16:00:44.366,2023-07-02 16:01:34.859,,,50.493
61e004273c53ad3813e84abd,64a18394414b0d9266cdb623,RETURNED,,,2023-07-05 02:31:20.304,2023-07-05 02:32:21.673,,,61.369
61e004273c53ad3813e84abd,64a18394414b0d9266cdb623,RETURNED,,,2023-07-03 09:27:47.652,2023-07-03 09:32:58.334,,,310.682
61e004273c53ad3813e84abd,64a18394414b0d9266cdb623,RETURNED,,,2023-07-04 09:55:09.519,2023-07-04 09:58:42.736,,,213.217
61e004273c53ad3813e84abd,64a18394414b0d9266cdb623,RETURNED,,,2023-07-03 00:59:05.125,2023-07-03 01:05:07.197,,,362.072
61e004273c53ad3813e84abd,64a18394414b0d9266cdb623,RETURNED,,,2023-07-04 21:59:30.904,2023-07-04 22:04:35.555,,,304.651
61e004273c53ad3813e84abd,64a18394414b0d9266cdb623,RETURNED,,,2023-07-03 02:07:45.438,2023-07-03 02:10:05.547,,,140.109
61e004273c53ad3813e84abd,64a18394414b0d9266cdb623,RETURNED,,,2023-07-02 20:34:38.507,2023-07-02 20:35:21.233,,,42.726
61e004273c53ad3813e84abd,64a18394414b0d9266cdb623,RETURNED,,,2023-07-03 11:01:22.688,2023-07-03 11:02:08.294,,,45.606
61e004273c53ad3813e84abd,64a18394414b0d9266cdb623,RETURNED,,,2023-07-04 09:34:00.082,2023-07-04 09:34:26.286,,,26.204
61e004273c53ad3813e84abd,64a18394414b0d9266cdb623,RETURNED,,,2023-07-03 19:13:14.378,2023-07-03 19:17:30.836,,,256.458
61e004273c53ad3813e84abd,64a18394414b0d9266cdb623,RETURNED,,,2023-07-04 20:04:21.914,2023-07-04 20:05:45.158,,,83.244
61e004273c53ad3813e84abd,64a18394414b0d9266cdb623,RETURNED,,,2023-07-03 18:43:45.056,2023-07-03 18:45:47.932,,,122.876
61e004273c53ad3813e84abd,64a18394414b0d9266cdb623,RETURNED,,,2023-07-03 16:38:33.692,2023-07-03 16:43:48.562,,,314.87
61e004273c53ad3813e84abd,64a18394414b0d9266cdb623,RETURNED,,,2023-07-02 16:51:58.297,2023-07-02 16:53:32.227,,,93.93
61e004273c53ad3813e84abd,64a18394414b0d9266cdb623,RETURNED,,,2023-07-03 02:36:39.102,2023-07-03 02:38:06.612,,,87.51
61e004273c53ad3813e84abd,64a18394414b0d9266cdb623,RETURNED,,,2023-07-04 03:40:57.254,2023-07-04 03:44:41.784,,,224.53
61e004273c53ad3813e84abd,64a18394414b0d9266cdb623,RETURNED,,,2023-07-03 21:33:45.682,2023-07-03 21:37:23.826,,,218.144
61e004273c53ad3813e84abd,64a18394414b0d9266cdb623,RETURNED,,,2023-07-05 03:40:22.626,2023-07-05 03:40:55.634,,,33.008
61e004273c53ad3813e84abd,64a18394414b0d9266cdb623,RETURNED,,,2023-07-04 23:35:11.575,2023-07-04 23:43:32.190,,,500.615
61e004273c53ad3813e84abd,64a18394414b0d9266cdb623,RETURNED,,,2023-07-04 06:33:05.761,2023-07-04 06:33:56.996,,,51.235
61e004273c53ad3813e84abd,64a18394414b0d9266cdb623,RETURNED,,,2023-07-03 14:12:25.659,2023-07-03 14:13:08.769,,,43.11
61e004273c53ad3813e84abd,64a18394414b0d9266cdb623,RETURNED,,,2023-07-04 15:07:55.692,2023-07-04 15:08:20.911,,,25.219
61e004273c53ad3813e84abd,64a18394414b0d9266cdb623,RETURNED,,,2023-07-03 04:27:17.560,2023-07-03 04:34:15.105,,,417.545
61e004273c53ad3813e84abd,64a18394414b0d9266cdb623,RETURNED,,,2023-07-03 00:06:41.702,2023-07-03 00:09:47.285,,,185.583
61e004273c53ad3813e84abd,64a18394414b0d9266cdb623,RETURNED,,,2023-07-02 21:46:17.200,2023-07-02 21:49:38.177,,,200.977
61e004273c53ad3813e84abd,64a18394414b0d9266cdb623,RETURNED,5e719bad79b4f10cc4dc60af,INCORRECT,2023-07-04 16:54:51.184,2023-07-04 16:58:00.729,2023-07-04T16:57:25.171,2023-07-04T16:57:25.171,189.545
61e004273c53ad3813e84abd,64a18394414b0d9266cdb623,RETURNED,,,2023-07-05 13:18:59.756,2023-07-05 13:19:21.534,,,21.778
61e004273c53ad3813e84abd,64a18394414b0d9266cdb623,RETURNED,,,2023-07-06 15:54:18.785,2023-07-06 15:55:15.049,,,56.264
61e004273c53ad3813e84abd,64a18394414b0d9266cdb623,RETURNED,,,2023-07-05 19:26:33.986,2023-07-05 19:27:23.253,,,49.267
61e004273c53ad3813e84abd,64a18394414b0d9266cdb623,RETURNED,,,2023-07-06 17:40:29.490,2023-07-06 17:40:58.118,,,28.628
61e004273c53ad3813e84abd,64a18394414b0d9266cdb623,RETURNED,,,2023-07-06 23:31:14.152,2023-07-06 23:32:58.334,,,104.182
61e004273c53ad3813e84abd,64a18394414b0d9266cdb623,RETURNED,,,2023-07-07 16:05:25.802,2023-07-07 16:35:55.124,,,1829.322
61e004273c53ad3813e84abd,64a18394414b0d9266cdb623,RETURNED,,,2023-07-05 17:31:51.303,2023-07-05 17:32:11.353,,,20.05
61e004273c53ad3813e84abd,64a18394414b0d9266cdb623,RETURNED,,,2023-07-05 20:45:43.558,2023-07-05 20:48:52.258,,,188.7
61e004273c53ad3813e84abd,64a18394414b0d9266cdb623,RETURNED,,,2023-07-07 02:44:26.344,2023-07-07 02:45:32.524,,,66.18
61e004273c53ad3813e84abd,64a18394414b0d9266cdb623,RETURNED,,,2023-07-05 15:59:57.370,2023-07-05 16:00:44.165,,,46.795
61e004273c53ad3813e84abd,64a18394414b0d9266cdb623,RETURNED,,,2023-07-06 05:56:02.957,2023-07-06 05:57:56.352,,,113.395
61e004273c53ad3813e84abd,64a18394414b0d9266cdb623,RETURNED,,,2023-07-06 07:25:21.488,2023-07-06 07:31:20.786,,,359.298
61e004273c53ad3813e84abd,64a18394414b0d9266cdb623,RETURNED,,,2023-07-05 23:22:24.631,2023-07-05 23:22:54.272,,,29.641
61e004273c53ad3813e84abd,64a18394414b0d9266cdb623,RETURNED,,,2023-07-06 02:07:23.167,2023-07-06 02:09:20.218,,,117.051
61e004273c53ad3813e84abd,64a18394414b0d9266cdb623,RETURNED,,,2023-07-06 12:17:54.704,2023-07-06 12:20:31.031,,,156.327
61e004273c53ad3813e84abd,64a18394414b0d9266cdb623,RETURNED,,,2023-07-06 02:38:31.721,2023-07-06 02:43:56.819,,,325.098
61e004273c53ad3813e84abd,64a18394414b0d9266cdb623,RETURNED,,,2023-07-05 21:57:52.272,2023-07-05 21:58:14.191,,,21.919
61e004273c53ad3813e84abd,64a18394414b0d9266cdb623,RETURNED,,,2023-07-06 16:46:02.476,2023-07-06 16:47:32.800,,,90.324
61e004273c53ad3813e84abd,64a18394414b0d9266cdb623,RETURNED,,,2023-07-06 14:31:44.440,2023-07-06 14:40:08.263,,,503.823
61e004273c53ad3813e84abd,64a18394414b0d9266cdb623,RETURNED,,,2023-07-06 13:20:01.039,2023-07-06 13:25:48.997,,,347.958
61e004273c53ad3813e84abd,64a18394414b0d9266cdb623,RETURNED,,,2023-07-06 18:04:39.116,2023-07-06 18:11:18.443,,,399.327
61e004273c53ad3813e84abd,64a18394414b0d9266cdb623,RETURNED,,,2023-07-06 21:01:07.121,2023-07-06 21:03:38.098,,,150.977
61e004273c53ad3813e84abd,64a18394414b0d9266cdb623,RETURNED,,,2023-07-06 21:02:47.425,2023-07-06 21:03:08.521,,,21.096
61e004273c53ad3813e84abd,64a18394414b0d9266cdb623,RETURNED,,,2023-07-06 22:07:26.864,2023-07-06 22:07:49.391,,,22.527
61e004273c53ad3813e84abd,64a18394414b0d9266cdb623,RETURNED,,,2023-07-07 13:20:06.998,2023-07-07 13:21:28.146,,,81.148
61e004273c53ad3813e84abd,64a18394414b0d9266cdb623,RETURNED,,,2023-07-06 23:15:18.861,2023-07-06 23:16:22.776,,,63.915
61e004273c53ad3813e84abd,64a18394414b0d9266cdb623,RETURNED,,,2023-07-06 23:53:28.980,2023-07-06 23:59:56.185,,,387.205
61e004273c53ad3813e84abd,64a18394414b0d9266cdb623,RETURNED,,,2023-07-06 18:16:45.821,2023-07-06 18:24:49.417,,,483.596
61e004273c53ad3813e84abd,64a18394414b0d9266cdb623,RETURNED,,,2023-07-07 14:22:47.598,2023-07-07 14:25:05.293,,,137.695
61e004273c53ad3813e84abd,64a84d18cf18aaec15e15a17,RETURNED,,,2023-07-08 16:52:24.738,2023-07-08 16:57:35.122,,,310.384
61e004273c53ad3813e84abd,64a84d18cf18aaec15e15a17,RETURNED,,,2023-07-08 15:13:43.523,2023-07-08 15:17:16.100,,,212.577
61e004273c53ad3813e84abd,64a84d18cf18aaec15e15a17,RETURNED,,,2023-07-07 19:14:20.970,2023-07-07 19:19:00.808,,,279.838
61e004273c53ad3813e84abd,64a84d18cf18aaec15e15a17,RETURNED,,,2023-07-09 17:31:56.435,2023-07-09 17:33:52.426,,,115.991
61e004273c53ad3813e84abd,64a84d18cf18aaec15e15a17,RETURNED,,,2023-07-10 14:07:48.400,2023-07-10 14:08:23.097,,,34.697
61e004273c53ad3813e84abd,64a84d18cf18aaec15e15a17,RETURNED,,,2023-07-10 01:56:36.877,2023-07-10 01:57:05.751,,,28.874
61e004273c53ad3813e84abd,64a84d18cf18aaec15e15a17,RETURNED,,,2023-07-10 15:59:00.722,2023-07-10 16:05:40.792,,,400.07
61e004273c53ad3813e84abd,64a84d18cf18aaec15e15a17,RETURNED,,,2023-07-12 02:09:12.197,2023-07-12 02:33:47.361,,,1475.164
61e004273c53ad3813e84abd,64a84d18cf18aaec15e15a17,RETURNED,,,2023-07-11 19:41:55.767,2023-07-11 19:43:11.870,,,76.103
61e004273c53ad3813e84abd,64a84d18cf18aaec15e15a17,RETURNED,,,2023-07-11 03:50:03.359,2023-07-11 03:51:30.686,,,87.327
61e004273c53ad3813e84abd,64a84d18cf18aaec15e15a17,RETURNED,,,2023-07-10 19:02:03.391,2023-07-10 19:05:56.671,,,233.28
61e004273c53ad3813e84abd,64a84d18cf18aaec15e15a17,RETURNED,,,2023-07-12 05:00:02.337,2023-07-12 05:01:19.206,,,76.869
61e004273c53ad3813e84abd,64a84d18cf18aaec15e15a17,RETURNED,,,2023-07-07 20:20:53.998,2023-07-07 20:22:10.081,,,76.083
61e004273c53ad3813e84abd,64a84d18cf18aaec15e15a17,RETURNED,,,2023-07-08 07:30:19.134,2023-07-08 07:38:30.601,,,491.467
61e004273c53ad3813e84abd,64a84d18cf18aaec15e15a17,RETURNED,,,2023-07-08 04:02:37.034,2023-07-08 04:03:46.049,,,69.015
61e004273c53ad3813e84abd,64a84d18cf18aaec15e15a17,RETURNED,,,2023-07-08 15:45:50.715,2023-07-08 15:46:20.845,,,30.13
61e004273c53ad3813e84abd,64a84d18cf18aaec15e15a17,RETURNED,,,2023-07-08 13:37:24.795,2023-07-08 13:38:04.695,,,39.9
61e004273c53ad3813e84abd,64a84d18cf18aaec15e15a17,RETURNED,,,2023-07-08 17:00:21.270,2023-07-08 17:00:43.436,,,22.166
61e004273c53ad3813e84abd,64a84d18cf18aaec15e15a17,RETURNED,,,2023-07-09 02:00:57.947,2023-07-09 02:03:22.220,,,144.273
61e004273c53ad3813e84abd,64a84d18cf18aaec15e15a17,RETURNED,,,2023-07-09 12:34:15.500,2023-07-09 12:34:43.213,,,27.713
61e004273c53ad3813e84abd,64a84d18cf18aaec15e15a17,RETURNED,,,2023-07-09 02:14:59.102,2023-07-09 02:24:43.526,,,584.424
61e004273c53ad3813e84abd,64a84d18cf18aaec15e15a17,RETURNED,,,2023-07-09 18:00:10.034,2023-07-09 18:00:46.533,,,36.499
61e004273c53ad3813e84abd,64a84d18cf18aaec15e15a17,RETURNED,,,2023-07-09 21:15:30.550,2023-07-09 21:17:24.757,,,114.207
61e004273c53ad3813e84abd,64a84d18cf18aaec15e15a17,RETURNED,,,2023-07-09 18:18:33.098,2023-07-09 18:20:23.757,,,110.659
61e004273c53ad3813e84abd,64a84d18cf18aaec15e15a17,RETURNED,,,2023-07-09 15:03:51.653,2023-07-09 15:04:20.335,,,28.682
61e004273c53ad3813e84abd,64a84d18cf18aaec15e15a17,RETURNED,,,2023-07-10 15:43:01.723,2023-07-10 15:49:55.483,,,413.76
61e004273c53ad3813e84abd,64a84d18cf18aaec15e15a17,RETURNED,,,2023-07-09 21:53:14.978,2023-07-09 21:53:45.132,,,30.154
61e004273c53ad3813e84abd,64a84d18cf18aaec15e15a17,RETURNED,,,2023-07-10 00:00:06.561,2023-07-10 00:00:43.310,,,36.749
61e004273c53ad3813e84abd,64a84d18cf18aaec15e15a17,RETURNED,,,2023-07-10 01:20:07.310,2023-07-10 01:20:43.285,,,35.975
61e004273c53ad3813e84abd,64a84d18cf18aaec15e15a17,RETURNED,,,2023-07-10 15:43:47.387,2023-07-10 15:44:18.083,,,30.696
61e004273c53ad3813e84abd,64a84d18cf18aaec15e15a17,RETURNED,,,2023-07-10 16:18:18.958,2023-07-10 16:18:53.045,,,34.087
61e004273c53ad3813e84abd,64a84d18cf18aaec15e15a17,RETURNED,,,2023-07-10 17:33:38.162,2023-07-10 17:33:59.392,,,21.23
61e004273c53ad3813e84abd,64a84d18cf18aaec15e15a17,RETURNED,,,2023-07-11 00:05:10.077,2023-07-11 00:05:39.067,,,28.99
61e004273c53ad3813e84abd,64a84d18cf18aaec15e15a17,RETURNED,,,2023-07-10 19:34:51.874,2023-07-10 19:36:46.647,,,114.773
61e004273c53ad3813e84abd,64a84d18cf18aaec15e15a17,RETURNED,,,2023-07-10 23:15:32.629,2023-07-10 23:17:21.176,,,108.547
61e004273c53ad3813e84abd,64a84d18cf18aaec15e15a17,RETURNED,,,2023-07-10 20:20:59.705,2023-07-10 20:31:18.771,,,619.066
61e004273c53ad3813e84abd,64a84d18cf18aaec15e15a17,RETURNED,,,2023-07-11 01:43:46.007,2023-07-11 01:44:28.595,,,42.588
61e004273c53ad3813e84abd,64aec81758da96b87acb2983,RETURNED,,,2023-07-13 18:58:31.126,2023-07-13 19:02:32.974,,,241.848
61e004273c53ad3813e84abd,64aec81758da96b87acb2983,RETURNED,,,2023-07-15 19:35:57.331,2023-07-15 19:39:42.641,,,225.31
61e004273c53ad3813e84abd,64aec81758da96b87acb2983,RETURNED,,,2023-07-15 03:43:15.315,2023-07-15 03:43:46.315,,,31.0
61e004273c53ad3813e84abd,64aec81758da96b87acb2983,RETURNED,,,2023-07-13 01:49:15.697,2023-07-13 02:00:47.486,,,691.789
61e004273c53ad3813e84abd,64aec81758da96b87acb2983,RETURNED,,,2023-07-14 05:10:36.829,2023-07-14 05:12:38.478,,,121.649
61e004273c53ad3813e84abd,64aec81758da96b87acb2983,RETURNED,,,2023-07-16 01:08:26.748,2023-07-16 01:14:44.880,,,378.132
61e004273c53ad3813e84abd,64aec81758da96b87acb2983,RETURNED,,,2023-07-13 08:56:18.435,2023-07-13 09:22:49.181,,,1590.746
61e004273c53ad3813e84abd,64aec81758da96b87acb2983,RETURNED,,,2023-07-15 05:12:23.028,2023-07-15 05:14:50.838,,,147.81
61e004273c53ad3813e84abd,64aec81758da96b87acb2983,RETURNED,,,2023-07-13 16:16:38.544,2023-07-13 16:17:05.445,,,26.901
61e004273c53ad3813e84abd,64aec81758da96b87acb2983,RETURNED,,,2023-07-12 17:44:52.362,2023-07-12 17:48:33.967,,,221.605
61e004273c53ad3813e84abd,64aec81758da96b87acb2983,RETURNED,,,2023-07-13 05:18:31.811,2023-07-13 05:21:43.532,,,191.721
61e004273c53ad3813e84abd,64aec81758da96b87acb2983,RETURNED,,,2023-07-12 20:27:16.760,2023-07-12 20:27:48.451,,,31.691
61e004273c53ad3813e84abd,64aec81758da96b87acb2983,RETURNED,,,2023-07-14 00:56:04.607,2023-07-14 00:58:53.325,,,168.718
61e004273c53ad3813e84abd,64aec81758da96b87acb2983,RETURNED,,,2023-07-14 00:57:22.494,2023-07-14 01:03:54.270,,,391.776
61e004273c53ad3813e84abd,64aec81758da96b87acb2983,RETURNED,,,2023-07-13 13:45:18.640,2023-07-13 13:45:56.462,,,37.822
61e004273c53ad3813e84abd,64aec81758da96b87acb2983,RETURNED,,,2023-07-13 08:35:29.530,2023-07-13 08:37:14.333,,,104.803
61e004273c53ad3813e84abd,64aec81758da96b87acb2983,RETURNED,,,2023-07-12 23:24:30.840,2023-07-12 23:26:56.215,,,145.375
